Time,Press,Temp,Rain,WDir,Humid,SolRad
2017-08-29T00:00:00,1014.93,23.92,0,248.9,90.8,0
2017-08-29T00:10:00,1014.93,23.84,0,250.3,91.5,0
2017-08-29T00:20:00,1014.93,23.32,0,35.6,90.3,0
2017-08-29T00:30:00,1014.93,23.07,0,30.5,85.6,0
2017-08-29T00:40:00,1014.93,23.36,0,18.1,82.1,0
2017-08-29T00:50:00,1014.93,23.35,0,17.4,82.5,0
2017-08-29T01:00:00,1014.93,23.29,0,1.5,83.7,0
2017-08-29T01:10:00,1014.93,23.36,0,6.7,84.3,0
2017-08-29T01:20:00,1014.93,23.46,0,5.6,83.2,0
2017-08-29T01:30:00,1014.93,23.51,0,16.7,82.2,0
2017-08-29T01:40:00,1014.93,23.68,0,3.8,80.6,0
2017-08-29T01:50:00,1014.93,23.74,0,23.3,79.8,0
2017-08-29T02:00:00,1014.93,23.65,0,354.8,79.7,0
2017-08-29T02:10:00,1014.93,23.76,0,346.5,77.8,0
2017-08-29T02:20:00,1014.93,23.93,0,354.4,74.4,0
2017-08-29T02:30:00,1014.93,24.08,0,351.6,70.7,0
2017-08-29T02:40:00,1014.93,24.12,0,330.6,70.8,0
2017-08-29T02:50:00,1014.93,23.55,0,344,75.4,0
2017-08-29T03:00:00,1014.93,23.66,0,346.3,73.1,0
2017-08-29T03:10:00,1014.93,23.73,0,339.2,71.9,0
2017-08-29T03:20:00,1014.93,23.51,0,334.3,73.3,0
2017-08-29T03:30:00,1014.93,23.52,0,333.4,72.1,0
2017-08-29T03:40:00,1014.93,23.67,0,333,70.6,0
2017-08-29T03:50:00,1014.93,23.44,0,332.7,72.9,0
2017-08-29T04:00:00,1014.93,23.13,0,332.7,74.2,0
2017-08-29T04:10:00,1014.93,23.21,0,332.6,72.8,0
2017-08-29T04:20:00,1014.93,23.16,0,343.2,72.7,0
2017-08-29T04:30:00,1014.93,23.04,0,9.5,72.6,2.79
2017-08-29T04:40:00,1014.93,23.13,0,23.3,71.3,2.026
2017-08-29T04:50:00,1014.93,23,0,25.5,71.5,5.158
2017-08-29T05:00:00,1014.93,23.19,0,18.9,69.71,14.45
2017-08-29T05:10:00,1014.93,23.21,0,23.5,69.02,25.64
2017-08-29T05:20:00,1014.93,22.99,0,23.1,69.87,39.53
2017-08-29T05:30:00,1014.93,22.92,0,38.7,69.64,55.57
2017-08-29T05:40:00,1014.93,22.88,0,32.3,69.9,73.6
2017-08-29T05:50:00,1014.93,23.1,0,11.6,68.79,94.5
2017-08-29T06:00:00,1014.93,23.07,0,359.9,68.59,118.3
2017-08-29T06:10:00,1014.93,23.23,0,34.3,67.45,143.5
2017-08-29T06:20:00,1014.93,23.35,0,27.6,66.74,170.9
2017-08-29T06:30:00,1014.93,23.71,0,17.7,64.89,198.7
2017-08-29T06:40:00,1014.93,23.99,0,22.9,63.54,225.7
2017-08-29T06:50:00,1014.93,24.11,0,346.5,62.82,253.3
2017-08-29T07:00:00,1014.93,24.34,0,0.4,62.29,283.3
2017-08-29T07:10:00,1014.93,24.71,0,40.3,60.69,314.6
2017-08-29T07:20:00,1014.93,25.1,0,341.4,59.69,344.2
2017-08-29T07:30:00,1014.93,25.28,0,349.8,59.39,372.6
2017-08-29T07:40:00,1015.93,25.59,0,312.7,60.46,401.5
2017-08-29T07:50:00,1014.93,25.75,0,358.5,60.27,430.5
2017-08-29T08:00:00,1014.93,26.47,0,6.1,56.13,457.5
2017-08-29T08:10:00,1014.93,26.96,0,278.9,56.49,482.6
2017-08-29T08:20:00,1014.93,26.71,0,280.6,58.04,508.1
2017-08-29T08:30:00,1014.93,26.76,0,291.8,56.84,530
2017-08-29T08:40:00,1014.93,26.81,0,249.7,57.79,553.3
2017-08-29T08:50:00,1015.93,26.8,0,222.5,58.95,578.5
2017-08-29T09:00:00,1015.93,27.4,0,204.5,53.54,599.6
2017-08-29T09:10:00,1015.93,27.24,0,173.1,59.25,625.5
2017-08-29T09:20:00,1015.93,26.89,0,167.9,60.48,647.1
2017-08-29T09:30:00,1015.93,27.06,0,172.8,57.46,665.1
2017-08-29T09:40:00,1015.93,27.29,0,167.1,54.52,683.7
2017-08-29T09:50:00,1015.93,28.01,0,195.5,49.96,696.2
2017-08-29T10:00:00,1015.93,27.57,0,166.4,61.12,711
2017-08-29T10:10:00,1015.93,27.21,0,156.2,68.86,729
2017-08-29T10:20:00,1015.93,27.31,0,160.3,67.26,743
2017-08-29T10:30:00,1015.93,27.25,0,165.4,67.39,754
2017-08-29T10:40:00,1015.93,27.29,0,165.1,68.27,763
2017-08-29T10:50:00,1015.93,27.44,0,162.4,68.43,769
2017-08-29T11:00:00,1014.93,26.99,0,171.6,68.38,779
2017-08-29T11:10:00,1014.93,27.07,0,170.1,69.2,783
2017-08-29T11:20:00,1014.93,27.49,0,171.6,65.41,783
2017-08-29T11:30:00,1014.93,27.72,0,171.6,64.32,782
2017-08-29T11:40:00,1014.93,27.64,0,170.6,63.98,784
2017-08-29T11:50:00,1014.93,28.13,0,195,56.41,784
2017-08-29T12:00:00,1014.93,28.63,0,191.2,52.21,777
2017-08-29T12:10:00,1014.93,29.64,0,200.6,49.34,771
2017-08-29T12:20:00,1014.93,28.97,0,161.1,52.58,763
2017-08-29T12:30:00,1014.93,28.73,0,173.8,54.01,759
2017-08-29T12:40:00,1014.93,28.75,0,173.3,53.19,755
2017-08-29T12:50:00,1014.93,29.47,0,198.6,47.91,749
2017-08-29T13:00:00,1014.93,29.94,0,207.5,45.08,738
2017-08-29T13:10:00,1014.93,30.03,0,225.8,46.05,726
2017-08-29T13:20:00,1014.93,30.22,0,188.2,46.41,709
2017-08-29T13:30:00,1014.93,29.6,0,175.7,46.23,695.3
2017-08-29T13:40:00,1014.93,29.57,0,170.3,42.76,678.6
2017-08-29T13:50:00,1013.93,29.89,0,213.6,47.19,654.9
2017-08-29T14:00:00,1013.93,30.43,0,237.5,40.67,632.3
2017-08-29T14:10:00,1013.93,30.39,0,237.3,34.55,614.6
2017-08-29T14:20:00,1013.93,30.91,0,221.4,35.71,591.2
2017-08-29T14:30:00,1013.93,31.42,0,228.7,38.61,560.4
2017-08-29T14:40:00,1013.93,30.55,0,247.1,32.46,536.4
2017-08-29T14:50:00,1013.93,30.81,0,235.3,33.4,513.2
2017-08-29T15:00:00,1013.93,30.95,0,232.8,32.62,487.1
2017-08-29T15:10:00,1013.93,30.99,0,241.3,31.51,460.6
2017-08-29T15:20:00,1013.93,30.78,0,226.9,38.01,431.5
2017-08-29T15:30:00,1013.93,30.59,0,258.5,31.72,400.8
2017-08-29T15:40:00,1013.93,30.76,0,238.5,35.32,370.5
2017-08-29T15:50:00,1013.93,30.51,0,230.8,38.66,336.7
2017-08-29T16:00:00,1013.93,30.48,0,246,39.32,306.3
2017-08-29T16:10:00,1013.93,30.39,0,231.7,40.85,278.2
2017-08-29T16:20:00,1013.93,29.55,0,161.3,46.75,247.9
2017-08-29T16:30:00,1013.93,29.25,0,143.7,37.07,214.8
2017-08-29T16:40:00,1013.93,28.88,0,154,41.79,183.7
2017-08-29T16:50:00,1013.93,28.52,0,152.4,41.65,155
2017-08-29T17:00:00,1013.93,28.79,0,147.2,38.31,127.8
2017-08-29T17:10:00,1012.93,28.92,0,137.3,37.33,102.5
2017-08-29T17:20:00,1013.93,28.78,0,154.2,37.52,77.8
2017-08-29T17:30:00,1013.93,28.65,0,155.1,37.2,54.67
2017-08-29T17:40:00,1013.93,28.35,0,134.1,39.47,31.68
2017-08-29T17:50:00,1013.93,28.55,0,95.6,36.14,15.61
2017-08-29T18:00:00,1013.93,28.66,0,78,35.39,5.202
2017-08-29T18:10:00,1013.93,28.83,0,87.7,34.12,1.155
2017-08-29T18:20:00,1013.93,28.92,0,121.8,33.5,0.209
2017-08-29T18:30:00,1013.93,28.91,0,103.7,33.17,0
2017-08-29T18:40:00,1013.93,28.86,0,89,32.99,0
2017-08-29T18:50:00,1013.93,29.17,0,41,32.42,0
2017-08-29T19:00:00,1013.93,29.33,0,31,32.47,0
2017-08-29T19:10:00,1013.93,29.31,0,14.1,33.77,0
2017-08-29T19:20:00,1013.93,29.34,0,357.7,33.83,0
2017-08-29T19:30:00,1013.93,29.23,0,28.6,34.71,0
2017-08-29T19:40:00,1013.93,29.04,0,16.9,34.59,0
2017-08-29T19:50:00,1013.93,27.58,0,331.2,44.77,0
2017-08-29T20:00:00,1013.93,27.67,0,8.8,38,0
2017-08-29T20:10:00,1013.93,28.19,0,23.7,34.9,0
2017-08-29T20:20:00,1013.93,28.03,0,24.4,35.3,0
2017-08-29T20:30:00,1013.93,27.82,0,25.4,35.81,0
2017-08-29T20:40:00,1013.93,27.85,0,14.7,35.8,0
2017-08-29T20:50:00,1013.93,27.48,0,27.1,36.89,0
2017-08-29T21:00:00,1013.93,27.28,0,33,37.91,0
2017-08-29T21:10:00,1013.93,27.15,0,1.7,39.32,0
2017-08-29T21:20:00,1013.93,27,0,354.6,40.03,0
2017-08-29T21:30:00,1014.93,26.94,0,0.8,40.16,0
2017-08-29T21:40:00,1014.93,27.01,0,11,39.83,0
2017-08-29T21:50:00,1014.93,26.86,0,21.3,40.2,0
2017-08-29T22:00:00,1014.93,26.65,0,13.1,40.88,0
2017-08-29T22:10:00,1014.93,26.62,0,17.1,41.22,0
2017-08-29T22:20:00,1014.93,26.64,0,16.9,41.41,0
2017-08-29T22:30:00,1014.93,26.74,0,16.4,41.16,0
2017-08-29T22:40:00,1014.93,26.57,0,26.9,41.51,0
2017-08-29T22:50:00,1014.93,26.32,0,32,42.06,0
2017-08-29T23:00:00,1014.93,26.35,0,33,41.92,0
2017-08-29T23:10:00,1014.93,26.62,0,33.3,41.09,0
2017-08-29T23:20:00,1014.93,26.52,0,31.7,41.71,0
2017-08-29T23:30:00,1014.93,26.16,0,14.6,43.24,0
2017-08-29T23:40:00,1014.93,26.06,0,57,44.06,0
2017-08-29T23:50:00,1014.93,25.65,0,39.8,45.14,0
2017-08-30T00:00:00,1014.93,25.31,0,40.2,45.63,0
2017-08-30T00:10:00,1014.93,25.08,0,35,46.16,0
2017-08-30T00:20:00,1014.93,24.74,0,37.3,46.93,0
2017-08-30T00:30:00,1014.93,24.66,0,37.9,46.99,0
2017-08-30T00:40:00,1014.93,24.6,0,36.5,47.35,0
2017-08-30T00:50:00,1014.93,24.34,0,37.3,47.94,0
2017-08-30T01:00:00,1014.93,24.54,0,46.7,47.04,0
2017-08-30T01:10:00,1014.93,24.75,0,46,46.43,0
2017-08-30T01:20:00,1014.93,25.03,0,41.2,45.69,0
2017-08-30T01:30:00,1014.93,25.19,0,43.7,45.45,0
2017-08-30T01:40:00,1014.93,25.1,0,86.1,46.17,0
2017-08-30T01:50:00,1014.93,25,0,29.2,47.02,0
2017-08-30T02:00:00,1014.93,24.81,0,43.9,47.7,0
2017-08-30T02:10:00,1014.93,24.81,0,44.7,47.9,0
2017-08-30T02:20:00,1014.93,24.9,0,30.1,47.71,0
2017-08-30T02:30:00,1014.93,24.81,0,21.9,48.02,0
2017-08-30T02:40:00,1014.93,24.85,0,208.7,47.99,0
2017-08-30T02:50:00,1014.93,24.91,0,226.4,48.09,0
2017-08-30T03:00:00,1014.93,24.82,0,240.9,48.29,0
2017-08-30T03:10:00,1014.93,24.88,0,7.1,47.96,0
2017-08-30T03:20:00,1014.93,24.78,0,18.4,48.29,0
2017-08-30T03:30:00,1014.93,24.68,0,22.7,48.78,0
2017-08-30T03:40:00,1014.93,24.47,0,65.5,49.39,0
2017-08-30T03:50:00,1014.93,24.35,0,83.8,50.18,0
2017-08-30T04:00:00,1014.93,24.18,0,39.3,50.81,0
2017-08-30T04:10:00,1014.93,24.11,0,37.5,50.96,0
2017-08-30T04:20:00,1014.93,23.97,0,44.3,51.22,0.091
2017-08-30T04:30:00,1014.93,23.97,0,55.4,51.25,2.743
2017-08-30T04:40:00,1014.93,23.88,0,21.1,51.48,4.422
2017-08-30T04:50:00,1014.93,23.8,0,6.9,51.7,8.72
2017-08-30T05:00:00,1014.93,23.74,0,25.1,51.54,20.1
2017-08-30T05:10:00,1014.93,23.83,0,16.9,51.44,30.49
2017-08-30T05:20:00,1015.93,23.62,0,353.9,53.03,44.41
2017-08-30T05:30:00,1015.93,23.48,0,355.4,53.54,60.29
2017-08-30T05:40:00,1015.93,23.59,0,0.6,53.47,76.6
2017-08-30T05:50:00,1015.93,24.07,0,6.3,51.29,97.5
2017-08-30T06:00:00,1015.93,24.36,0,12.7,50.89,119.6
2017-08-30T06:10:00,1015.93,24.33,0,6,51.52,144.8
2017-08-30T06:20:00,1015.93,24.3,0,36.8,51.36,170.6
2017-08-30T06:30:00,1015.93,24.48,0,36.9,50.76,198.9
2017-08-30T06:40:00,1015.93,24.6,0,3.1,51,229.3
2017-08-30T06:50:00,1015.93,24.72,0,332.5,50.87,257.6
2017-08-30T07:00:00,1015.93,25.08,0,342.8,50.05,284.7
2017-08-30T07:10:00,1015.93,25.49,0,335.5,48.78,318.4
2017-08-30T07:20:00,1015.93,25.85,0,336.3,48.07,346.1
2017-08-30T07:30:00,1015.93,26.23,0,342.3,46.97,378.6
2017-08-30T07:40:00,1015.93,26.47,0,355.4,46.18,407.4
2017-08-30T07:50:00,1015.93,26.8,0,353.5,45.8,436.2
2017-08-30T08:00:00,1015.93,26.88,0,325.2,48.06,457.8
2017-08-30T08:10:00,1015.93,27.03,0,318.4,47.48,485.2
2017-08-30T08:20:00,1015.93,27.27,0,318.1,46.79,512.3
2017-08-30T08:30:00,1015.93,27.34,0,315.3,46.28,537.2
2017-08-30T08:40:00,1015.93,27.78,0,306.4,43.28,565.4
2017-08-30T08:50:00,1015.93,28.09,0,310.9,42.15,590.5
2017-08-30T09:00:00,1015.93,28.55,0,209.1,44.85,616.2
2017-08-30T09:10:00,1015.93,27.58,0,169.1,55.91,643.2
2017-08-30T09:20:00,1015.93,27.54,0,168,52.31,650.6
2017-08-30T09:30:00,1015.93,27.36,0,169.5,56.11,691.5
2017-08-30T09:40:00,1015.93,26.67,0,173.9,62.54,652.9
2017-08-30T09:50:00,1015.93,26.78,0,171.8,55.9,699
2017-08-30T10:00:00,1015.93,27.42,0,172.6,52.29,675.1
2017-08-30T10:10:00,1015.93,27.6,0,170.4,60.31,748
2017-08-30T10:20:00,1015.93,27.37,0,169.9,64.23,724
2017-08-30T10:30:00,1015.93,27.84,0,172.8,63.35,759
2017-08-30T10:40:00,1015.93,28.24,0,177.2,63.52,741
2017-08-30T10:50:00,1015.93,27.45,0,169.9,65.72,681.6
2017-08-30T11:00:00,1015.93,27.68,0,178.2,52.68,587.2
2017-08-30T11:10:00,1015.93,28.11,0,171.5,52.16,731
2017-08-30T11:20:00,1015.93,28.18,0,168.2,56.18,727
2017-08-30T11:30:00,1015.93,28.27,0,190,55.7,810
2017-08-30T11:40:00,1015.93,28.13,0,180.4,58.77,796
2017-08-30T11:50:00,1015.93,27.1,0,178.8,68.33,795
2017-08-30T12:00:00,1015.93,27.82,0,179.4,64.73,793
2017-08-30T12:10:00,1015.93,27.29,0,176.6,68.08,784
2017-08-30T12:20:00,1015.93,27.31,0,191.8,62.6,774
2017-08-30T12:30:00,1015.93,28.19,0,204.4,50.69,765
2017-08-30T12:40:00,1015.93,28.63,0,204.5,45.7,753
2017-08-30T12:50:00,1015.93,28.63,0,198,43.74,742
2017-08-30T13:00:00,1015.93,28.43,0,199.1,50.04,729
2017-08-30T13:10:00,1015.93,28.8,0,211.9,49.16,711
2017-08-30T13:20:00,1015.93,28.38,0,197.6,52.81,695.8
2017-08-30T13:30:00,1015.93,28.17,0,161.5,57.8,677.9
2017-08-30T13:40:00,1014.93,28.04,0,167.8,56,666
2017-08-30T13:50:00,1014.93,27.6,0,178.4,56.69,646.7
2017-08-30T14:00:00,1014.93,27.36,0,174.1,57.44,617.2
2017-08-30T14:10:00,1014.93,27.21,0,175,58.02,590.2
2017-08-30T14:20:00,1014.93,26.95,0,174.2,58.93,361.7
2017-08-30T14:30:00,1014.93,26.76,0,162.1,58.21,446.2
2017-08-30T14:40:00,1014.93,26.95,0,174.4,57.69,515
2017-08-30T14:50:00,1014.93,26.96,0,175.4,59.82,497.8
2017-08-30T15:00:00,1014.93,26.95,0,175.6,61.56,495.7
2017-08-30T15:10:00,1014.93,26.67,0,175.7,65.09,460.1
2017-08-30T15:20:00,1014.93,26.6,0,172.6,67,428.4
2017-08-30T15:30:00,1014.93,26.37,0,170.7,67.68,400.4
2017-08-30T15:40:00,1014.93,26.18,0,172.1,69.38,369.9
2017-08-30T15:50:00,1013.93,26.08,0,163.5,69.96,343
2017-08-30T16:00:00,1013.93,26.13,0,168.4,70.3,313.7
2017-08-30T16:10:00,1013.93,25.98,0,167.8,71.3,284.2
2017-08-30T16:20:00,1013.93,25.83,0,167.1,72.7,254.9
2017-08-30T16:30:00,1013.93,25.7,0,163.1,74.4,223.2
2017-08-30T16:40:00,1013.93,25.7,0,159.6,75,193.7
2017-08-30T16:50:00,1013.93,25.75,0,145.4,75.2,162.3
2017-08-30T17:00:00,1013.93,25.7,0,162.6,74.9,130.9
2017-08-30T17:10:00,1013.93,25.26,0,153.9,76.7,86.5
2017-08-30T17:20:00,1014.93,25.29,0,154.3,76.3,71.6
2017-08-30T17:30:00,1013.93,25.07,0,151.6,76.9,55.6
2017-08-30T17:40:00,1014.93,25.02,0,145.4,75.9,35.76
2017-08-30T17:50:00,1014.93,25.01,0,136.8,75.3,17.76
2017-08-30T18:00:00,1014.93,24.83,0,153.7,76.4,5.911
2017-08-30T18:10:00,1014.93,24.78,0,149,76.5,3.07
2017-08-30T18:20:00,1014.93,24.78,0,142.8,76.4,0
2017-08-30T18:30:00,1014.93,24.77,0,133.1,77,0
2017-08-30T18:40:00,1014.93,24.78,0,118,75.7,0
2017-08-30T18:50:00,1014.93,24.71,0,118.9,77.4,0
2017-08-30T19:00:00,1014.93,24.51,0,115.7,78.6,0
2017-08-30T19:10:00,1014.93,24.44,0,100.8,78.9,0
2017-08-30T19:20:00,1014.93,24.36,0,74.8,78.4,0
2017-08-30T19:30:00,1014.93,24.4,0,83.7,77,0
2017-08-30T19:40:00,1014.93,24.41,0,85.7,76,0
2017-08-30T19:50:00,1015.93,24.44,0,80.7,74.2,0
2017-08-30T20:00:00,1015.93,24.44,0,45.5,73.5,0
2017-08-30T20:10:00,1015.93,24.46,0,50.5,72.5,0
2017-08-30T20:20:00,1015.93,24.37,0,46.9,72.2,0
2017-08-30T20:30:00,1014.93,24.43,0,50.6,69.92,0
2017-08-30T20:40:00,1014.93,24.41,0,26.3,70.3,0
2017-08-30T20:50:00,1015.93,24.33,0,352.6,71.4,0
2017-08-30T21:00:00,1015.93,24.18,0,6.1,72.1,0
2017-08-30T21:10:00,1015.93,23.95,0,24.2,74.6,0
2017-08-30T21:20:00,1015.93,23.56,0,74.9,73.5,0
2017-08-30T21:30:00,1015.93,23.81,0,95.7,71.2,0
2017-08-30T21:40:00,1015.93,23.88,0,58.9,69.11,0
2017-08-30T21:50:00,1015.93,23.65,0,45.6,68.32,0
2017-08-30T22:00:00,1014.93,23.5,0,40.4,68.6,0
2017-08-30T22:10:00,1014.93,23.71,0,34.7,68.45,0
2017-08-30T22:20:00,1014.93,23.59,0,41.4,67.06,0
2017-08-30T22:30:00,1014.93,23.69,0,48.5,62.92,0
2017-08-30T22:40:00,1014.93,23.98,0,58.2,59.26,0
2017-08-30T22:50:00,1014.93,23.92,0,64.8,62.41,0
2017-08-30T23:00:00,1014.93,23.71,0,64.3,62.26,0
2017-08-30T23:10:00,1014.93,23.9,0,46,62.82,0
2017-08-30T23:20:00,1014.93,23.88,0,31.1,63.39,0
2017-08-30T23:30:00,1014.93,23.97,0,30.1,63.79,0
2017-08-30T23:40:00,1014.93,23.88,0,30.8,64.32,0
2017-08-30T23:50:00,1014.93,23.65,0,31.3,64.85,0
2017-08-31T00:00:00,1014.93,23.42,0,10.5,62.64,0
2017-08-31T00:10:00,1014.93,23.41,0,55.1,57.56,0
2017-08-31T00:20:00,1014.93,23.46,0,66.9,54.87,0
2017-08-31T00:30:00,1014.93,23.17,0,42.5,54.49,0
2017-08-31T00:40:00,1014.93,23.22,0,8.7,53.77,0
2017-08-31T00:50:00,1014.93,23.26,0,13.8,54.22,0
2017-08-31T01:00:00,1014.93,23.07,0,48.4,53.35,0
2017-08-31T01:10:00,1014.93,22.99,0,56,52.91,0
2017-08-31T01:20:00,1014.93,23.07,0,27.1,52.14,0
2017-08-31T01:30:00,1014.93,22.97,0,27.3,52.48,0
2017-08-31T01:40:00,1014.93,22.77,0,20.1,53.6,0
2017-08-31T01:50:00,1014.93,22.84,0,38.3,53.71,0
2017-08-31T02:00:00,1014.93,22.84,0,20.6,53.51,0
2017-08-31T02:10:00,1014.93,22.32,0,6.8,55.69,0
2017-08-31T02:20:00,1014.93,22.5,0,37.2,55.11,0
2017-08-31T02:30:00,1014.93,22.64,0,33.8,55.06,0
2017-08-31T02:40:00,1014.93,22.43,0,39.1,55.69,0
2017-08-31T02:50:00,1014.93,22.39,0,49.4,55.92,0
2017-08-31T03:00:00,1014.93,22.49,0,38.2,54.94,0
2017-08-31T03:10:00,1014.93,22.46,0,48.4,54.68,0
2017-08-31T03:20:00,1015.93,22.39,0,152.5,55.35,0
2017-08-31T03:30:00,1015.93,22.31,0,86.1,56.31,0
2017-08-31T03:40:00,1015.93,22.35,0,6.3,56.23,0
2017-08-31T03:50:00,1015.93,22.44,0,48.9,57.42,0
2017-08-31T04:00:00,1015.93,22.44,0,4.2,59.44,0
2017-08-31T04:10:00,1016.93,22.4,0,344.6,57.56,0
2017-08-31T04:20:00,1016.93,22.53,0,74.1,59.9,0
2017-08-31T04:30:00,1016.93,22.37,0,168.6,63.9,0.82
2017-08-31T04:40:00,1016.93,22.03,0,329.1,61.8,2.601
2017-08-31T04:50:00,1016.93,22,0,342.9,59.57,4.895
2017-08-31T05:00:00,1016.93,22.18,0,95.8,61.39,13.12
2017-08-31T05:10:00,1016.93,22.3,0,72.1,65.96,22.27
2017-08-31T05:20:00,1016.93,22.49,0,62.8,70,32.52
2017-08-31T05:30:00,1016.93,22.39,0,299.6,69.29,42.57
2017-08-31T05:40:00,1016.93,22.34,0,333.9,67.42,59.12
2017-08-31T05:50:00,1016.93,22.57,0,67.7,70.3,111.8
2017-08-31T06:00:00,1016.93,23.11,0,76.5,73.8,122.2
2017-08-31T06:10:00,1016.93,23.12,0,78.6,76.6,77.8
2017-08-31T06:20:00,1016.93,22.93,0,81.9,81.5,45.54
2017-08-31T06:30:00,1016.93,22.87,0,62.7,82.8,72.4
2017-08-31T06:40:00,1016.93,22.39,0,39.8,76.2,100.1
2017-08-31T06:50:00,1016.93,21.96,0,23.7,71.4,122.8
2017-08-31T07:00:00,1015.93,21.78,0,37,68.15,103.5
2017-08-31T07:10:00,1015.93,21.87,0,35.6,66.52,57
2017-08-31T07:20:00,1016.93,21.74,0,29.7,66,49.72
2017-08-31T07:30:00,1015.93,21.75,0,29.7,65.62,51.89
2017-08-31T07:40:00,1016.93,21.71,0,8,66.75,70.3
2017-08-31T07:50:00,1016.93,21.74,0,342.4,68.03,100.9
2017-08-31T08:00:00,1016.93,21.89,0,3.4,69.25,179.8
2017-08-31T08:10:00,1016.93,22.11,0,357.5,68.12,124.9
2017-08-31T08:20:00,1017.93,22.34,0,7.1,66.3,100.3
2017-08-31T08:30:00,1016.93,22.52,0,64.9,65.38,109.4
2017-08-31T08:40:00,1017.93,22.85,0,358.3,65.01,99.9
2017-08-31T08:50:00,1017.93,22.96,0,24.7,66.8,50.87
2017-08-31T09:00:00,1016.93,22.55,0,25.8,72,58.17
2017-08-31T09:10:00,1017.93,22.18,0,82.2,76.2,129
2017-08-31T09:20:00,1017.93,21.96,0,15.6,76.4,145.8
2017-08-31T09:30:00,1016.93,21.95,0,32.9,71.2,245.1
2017-08-31T09:40:00,1016.93,22.63,0,31.9,67.28,618
2017-08-31T09:50:00,1016.93,23.72,0,32.6,66.05,570.4
2017-08-31T10:00:00,1016.93,24.07,0,16.7,63.12,358.2
2017-08-31T10:10:00,1016.93,24.25,0,329.5,62.25,383
2017-08-31T10:20:00,1016.93,24.45,0,311.7,61.21,305.4
2017-08-31T10:30:00,1016.93,25,0,313.7,61.07,826
2017-08-31T10:40:00,1016.93,25.9,0,224.3,65.86,661.1
2017-08-31T10:50:00,1016.93,25.74,0,251.4,69.45,700
2017-08-31T11:00:00,1016.93,25.56,0,192.6,73.1,774
2017-08-31T11:10:00,1016.93,26.39,0,182.5,69.41,791
2017-08-31T11:20:00,1016.93,25.99,0,156.8,71.5,824
2017-08-31T11:30:00,1016.93,25.76,0,164.6,73.2,808
2017-08-31T11:40:00,1016.93,25.55,0,173,75.5,819
2017-08-31T11:50:00,1017.93,25.56,0,179.1,76.8,811
2017-08-31T12:00:00,1017.93,25.73,0,185,76.3,753
2017-08-31T12:10:00,1017.93,25.81,0,205,76.9,823
2017-08-31T12:20:00,1017.93,26.48,0,175.9,73.9,757
2017-08-31T12:30:00,1016.93,26.02,0,173.2,76.7,813
2017-08-31T12:40:00,1016.93,26.29,0,182.2,76.4,760
2017-08-31T12:50:00,1016.93,26.01,0,172.8,78.9,765
2017-08-31T13:00:00,1016.93,26.05,0,176.9,79.8,750
2017-08-31T13:10:00,1016.93,26.26,0,179.1,78.6,666
2017-08-31T13:20:00,1016.93,25.99,0,173.8,80.2,640.2
2017-08-31T13:30:00,1016.93,25.94,0,189.2,80.8,464.5
2017-08-31T13:40:00,1016.93,26.12,0,189.7,80.5,438.5
2017-08-31T13:50:00,1016.93,26.01,0,180.2,81.5,631.6
2017-08-31T14:00:00,1016.93,25.71,0,174.3,83.4,339
2017-08-31T14:10:00,1016.93,25.74,0,162,84.4,463.4
2017-08-31T14:20:00,1015.93,26.09,0,150.2,82.8,523
2017-08-31T14:30:00,1015.93,25.89,0,153.9,82.7,462
2017-08-31T14:40:00,1015.93,26.25,0,177.1,79.5,434.1
2017-08-31T14:50:00,1015.93,25.75,0,187,82.7,407.3
2017-08-31T15:00:00,1015.93,26.05,0,189.5,82.3,507.2
2017-08-31T15:10:00,1014.93,26.15,0,176.9,82.7,526.5
2017-08-31T15:20:00,1014.93,25.87,0,181.8,84.3,351
2017-08-31T15:30:00,1014.93,25.71,0,171.3,86.1,283.6
2017-08-31T15:40:00,1014.93,25.43,0,166.1,87.8,157.1
2017-08-31T15:50:00,1014.93,25.04,0,177.8,89.2,142.4
2017-08-31T16:00:00,1014.93,24.94,0,174.2,89.4,79.7
2017-08-31T16:10:00,1014.93,24.89,0,182.5,88.7,65.86
2017-08-31T16:20:00,1014.93,25.03,0,198.4,88.4,91.5
2017-08-31T16:30:00,1014.93,25.33,0,212.2,86.7,134.1
2017-08-31T16:40:00,1015.93,25.35,0,206.6,88.3,93.1
2017-08-31T16:50:00,1015.93,24.98,0,196.4,91.1,63.23
2017-08-31T17:00:00,1014.93,24.7,0,187.2,93.8,51.54
2017-08-31T17:10:00,1014.93,24.47,0,178.6,94,60.87
2017-08-31T17:20:00,1015.93,24.43,0,171.9,93.6,42.88
2017-08-31T17:30:00,1015.93,24.43,0,159,94.8,25.12
2017-08-31T17:40:00,1015.93,24.39,0,146.7,95.3,17.67
2017-08-31T17:50:00,1015.93,24.35,0,143.2,95,9.27
2017-08-31T18:00:00,1015.93,24.25,0,144.1,94,2.266
2017-08-31T18:10:00,1015.93,24.26,0,156.4,93.5,0.028
2017-08-31T18:20:00,1015.93,24.2,0,158,93.3,0
2017-08-31T18:30:00,1015.93,24.22,0,156.9,91.1,0
2017-08-31T18:40:00,1015.93,24.36,0,158.3,89.8,0
2017-08-31T18:50:00,1015.93,24.41,0,155.4,91.1,0
2017-08-31T19:00:00,1015.93,24.4,0,154.1,91.7,0
2017-08-31T19:10:00,1015.93,24.41,0,157,92.6,0
2017-08-31T19:20:00,1015.93,24.4,0,147.6,92.3,0
2017-08-31T19:30:00,1015.93,24.41,0,142.3,91.9,0
2017-08-31T19:40:00,1015.93,24.39,0,149.6,91.8,0
2017-08-31T19:50:00,1015.93,24.39,0,161.8,91.3,0
2017-08-31T20:00:00,1015.93,24.36,0,150.2,90.6,0
2017-08-31T20:10:00,1015.93,24.37,0,154.8,89.9,0
2017-08-31T20:20:00,1015.93,24.43,0,153.2,91.5,0
2017-08-31T20:30:00,1015.93,24.36,0,153.4,92.7,0
2017-08-31T20:40:00,1015.93,24.37,0,154,93.6,0
2017-08-31T20:50:00,1015.93,24.33,0,157.4,94.8,0
2017-08-31T21:00:00,1015.93,24.26,0,156.4,95.9,0
2017-08-31T21:10:00,1015.93,24.21,0,153.4,96.8,0
2017-08-31T21:20:00,1015.93,24.17,0,149.5,97.6,0
2017-08-31T21:30:00,1015.93,24.1,0,154.4,98.3,0
2017-08-31T21:40:00,1015.93,24.02,0,147.7,98.5,0
2017-08-31T21:50:00,1015.93,23.96,0,155.4,97.7,0
2017-08-31T22:00:00,1015.93,24,0,157.9,97.6,0
2017-08-31T22:10:00,1015.93,23.93,0,148.9,96.5,0
2017-08-31T22:20:00,1015.93,23.97,0,153.1,95.7,0
2017-08-31T22:30:00,1015.93,23.97,0,136.2,95.4,0
2017-08-31T22:40:00,1015.93,23.97,0,144.9,95.2,0
2017-08-31T22:50:00,1015.93,23.97,0,154.2,94.9,0
2017-08-31T23:00:00,1014.93,23.96,0,142.9,93.7,0
2017-08-31T23:10:00,1014.93,23.96,0,134.9,91.9,0
2017-08-31T23:20:00,1014.93,23.99,0,110.2,90,0
2017-08-31T23:30:00,1014.93,24.11,0,145.4,89.3,0
2017-08-31T23:40:00,1014.93,24.2,0,152.4,89.1,0
2017-08-31T23:50:00,1014.93,24.21,0,155.1,89.1,0
2017-09-01T00:00:00,1014.93,24.18,0,151.6,89.6,0
2017-09-01T00:10:00,1014.93,24.17,0,146,89.4,0
2017-09-01T00:20:00,1014.93,24.17,0,152.4,89.3,0
2017-09-01T00:30:00,1014.93,24.19,0,170,90.3,0
2017-09-01T00:40:00,1013.93,24.16,0,171.5,90.9,0
2017-09-01T00:50:00,1014.93,24.08,0,167.8,91.2,0
2017-09-01T01:00:00,1013.93,24.01,0,162.3,91.4,0
2017-09-01T01:10:00,1013.93,23.98,0,161.1,91.6,0
2017-09-01T01:20:00,1013.93,23.99,0,156.4,91.9,0
2017-09-01T01:30:00,1013.93,24.02,0,158.7,92.9,0
2017-09-01T01:40:00,1013.93,24.04,0,170.9,94,0
2017-09-01T01:50:00,1013.93,24.05,0,171.2,95.6,0
2017-09-01T02:00:00,1013.93,23.75,0,183.2,94.3,0
2017-09-01T02:10:00,1013.93,23.88,0,193.1,88.3,0
2017-09-01T02:20:00,1013.93,24.03,0,184.9,86,0
2017-09-01T02:30:00,1013.93,24.08,0,186,87.2,0
2017-09-01T02:40:00,1013.93,23.95,0,214.9,89.7,0
2017-09-01T02:50:00,1013.93,23.94,0,225.5,89.4,0
2017-09-01T03:00:00,1013.93,23.99,0.8,224.1,87.4,0
2017-09-01T03:10:00,1013.93,23.73,0.8,216.2,89,0
2017-09-01T03:20:00,1013.93,22.78,0.8,204.2,86.9,0
2017-09-01T03:30:00,1013.93,22.28,0.8,193.6,79.1,0
2017-09-01T03:40:00,1013.93,22.17,0.8,181.3,75.9,0
2017-09-01T03:50:00,1013.93,22.3,0.8,173.5,74.9,0.465
2017-09-01T04:00:00,1013.93,22.12,0,139.1,75.6,0.221
2017-09-01T04:10:00,1013.93,21.84,0,130.6,74.3,0.351
2017-09-01T04:20:00,1013.93,21.84,0,120.6,70.5,0.453
2017-09-01T04:30:00,1013.93,22.07,0,115.2,64.83,0.473
2017-09-01T04:40:00,1013.93,22.31,0,124,62.17,0.481
2017-09-01T04:50:00,1013.93,22.38,0,85.9,62.45,1.328
2017-09-01T05:00:00,1013.93,22.24,0,78.7,64.98,3.007
2017-09-01T05:10:00,1013.93,22.06,0,20.9,65.83,3.842
2017-09-01T05:20:00,1013.93,22,0,354.3,70.7,5.277
2017-09-01T05:30:00,1013.93,22.05,0,347.9,73.6,8.59
2017-09-01T05:40:00,1013.93,22.03,0,355,73.6,10.51
2017-09-01T05:50:00,1013.93,22.02,0,83.2,72.1,6.601
2017-09-01T06:00:00,1013.93,21.98,0,101.7,69.71,2.964
2017-09-01T06:10:00,1013.93,22.11,0,266.1,69.5,5.348
2017-09-01T06:20:00,1013.93,22.29,0,351.8,71.8,9.26
2017-09-01T06:30:00,1013.93,21.91,0,111.7,76.8,13.73
2017-09-01T06:40:00,1013.93,21.88,0,126,77.5,32.79
2017-09-01T06:50:00,1013.93,22.34,0,179.5,80,74.5
2017-09-01T07:00:00,1013.93,22.86,0,221.4,79.5,77.4
2017-09-01T07:10:00,1013.93,22.61,0,353.1,81.1,100.1
2017-09-01T07:20:00,1013.93,22.69,0,220.8,81.5,189.2
2017-09-01T07:30:00,1013.93,23.45,0,219.8,78,411.7
2017-09-01T07:40:00,1013.93,24.16,0,224.2,74.5,381.1
2017-09-01T07:50:00,1013.93,23.85,0,229.1,75.5,109
2017-09-01T08:00:00,1013.93,23.8,0,229.3,74.9,273.9
2017-09-01T08:10:00,1013.93,24.14,0,224.5,73.7,510.1
2017-09-01T08:20:00,1013.93,24.67,0,215.7,70.9,598
2017-09-01T08:30:00,1013.93,24.84,0,213.7,70.7,476.4
2017-09-01T08:40:00,1013.93,24.53,0,226.5,71.2,400.1
2017-09-01T08:50:00,1013.93,24.82,0,223.8,70.7,606.6
2017-09-01T09:00:00,1013.93,24.75,0,235.6,70.8,706
2017-09-01T09:10:00,1013.93,24.58,0,234.4,70.1,660
2017-09-01T09:20:00,1013.93,24.45,0,236.2,68.19,613.8
2017-09-01T09:30:00,1013.93,24.68,0,227.3,67.3,664.7
2017-09-01T09:40:00,1013.93,24.67,0,236.2,70.3,482.7
2017-09-01T09:50:00,1013.93,24.1,0,234.9,70.8,435.5
2017-09-01T10:00:00,1013.93,24.06,0.2,229.8,70.5,353
2017-09-01T10:10:00,1013.93,24.36,0.2,230.2,68.95,466.6
2017-09-01T10:20:00,1013.93,25.01,0.2,214.5,67,837
2017-09-01T10:30:00,1013.93,25.8,0.2,209.4,64.73,869
2017-09-01T10:40:00,1013.93,25.91,0.2,205.6,64.84,844
2017-09-01T10:50:00,1013.93,26.02,0.2,210.9,64.06,753
2017-09-01T11:00:00,1013.93,25.58,0,211.6,65.61,630.9
2017-09-01T11:10:00,1013.93,25.83,0,204.4,61.23,732
2017-09-01T11:20:00,1013.93,26.01,0,208.6,60.01,826
2017-09-01T11:30:00,1013.93,25.99,0,209.3,60.85,877
2017-09-01T11:40:00,1013.93,26.18,0,198.1,62.18,897
2017-09-01T11:50:00,1012.93,26.24,0,200.7,59.79,878
2017-09-01T12:00:00,1012.93,26.26,0,199.4,61.16,914
2017-09-01T12:10:00,1012.93,26.37,0,204.6,58.92,890
2017-09-01T12:20:00,1012.93,26.27,0,201.6,58.12,870
2017-09-01T12:30:00,1012.93,26.21,0,202.1,56.95,698.8
2017-09-01T12:40:00,1012.93,26.05,0,202,57.2,603.4
2017-09-01T12:50:00,1012.93,25.51,0,202.7,59.98,486.5
2017-09-01T13:00:00,1012.93,25.77,0,214.5,60.45,576.3
2017-09-01T13:10:00,1012.93,25.86,0,209.9,62.3,630.3
2017-09-01T13:20:00,1012.93,26.08,0,212,60.4,719
2017-09-01T13:30:00,1012.93,25.99,0,220.3,61.44,677
2017-09-01T13:40:00,1012.93,26.07,0,201,60.57,522.8
2017-09-01T13:50:00,1012.93,25.64,0,209.2,62.11,605.8
2017-09-01T14:00:00,1012.93,25.99,0,215.4,60.91,787
2017-09-01T14:10:00,1012.93,26.02,0,219.8,61.72,634.7
2017-09-01T14:20:00,1012.93,25.55,0,219.9,61.64,664.1
2017-09-01T14:30:00,1012.93,25.28,0,240.9,62.39,643.8
2017-09-01T14:40:00,1012.93,25.7,0,223.6,61.73,696.7
2017-09-01T14:50:00,1012.93,25.22,0,245.1,62.45,609.2
2017-09-01T15:00:00,1012.93,25.12,0,240.6,61.51,563.6
2017-09-01T15:10:00,1012.93,24.82,0,241.7,58.77,517.2
2017-09-01T15:20:00,1012.93,24.85,0,241,58.93,491.2
2017-09-01T15:30:00,1012.93,24.77,0,243.8,61.91,459.4
2017-09-01T15:40:00,1012.93,24.63,0,240.9,63.16,432.6
2017-09-01T15:50:00,1011.93,24.52,0,245.5,60.28,399.3
2017-09-01T16:00:00,1012.93,24.55,0,246.8,57.85,366.7
2017-09-01T16:10:00,1012.93,24.48,0,247.1,59.2,328.5
2017-09-01T16:20:00,1012.93,24.48,0,248.8,58.91,293.2
2017-09-01T16:30:00,1012.93,24.71,0,220.8,59.66,246.9
2017-09-01T16:40:00,1012.93,24.81,0,210.5,54.24,217.7
2017-09-01T16:50:00,1011.93,24.67,0,193.2,54.56,184.5
2017-09-01T17:00:00,1011.93,24.08,0,178.2,58.12,128.8
2017-09-01T17:10:00,1011.93,23.67,0,221.7,60.8,46.81
2017-09-01T17:20:00,1011.93,23.25,0,253.1,63.03,60.69
2017-09-01T17:30:00,1011.93,23.07,0,242.5,62.91,53.77
2017-09-01T17:40:00,1011.93,22.81,0,227.8,60.25,21.71
2017-09-01T17:50:00,1012.93,22.67,0,244.5,59.14,11.39
2017-09-01T18:00:00,1012.93,22.49,0,230.4,58.56,3.523
2017-09-01T18:10:00,1012.93,22.38,0,230.3,56.99,0.276
2017-09-01T18:20:00,1012.93,22.3,0,223.6,59.95,0
2017-09-01T18:30:00,1012.93,22.15,0,229.6,62.2,0
2017-09-01T18:40:00,1012.93,22.08,0,221,62.72,0
2017-09-01T18:50:00,1012.93,22.01,0,228.4,64.29,0
2017-09-01T19:00:00,1012.93,21.95,0,225.9,66.07,0
2017-09-01T19:10:00,1012.93,21.92,0,226.3,64.58,0
2017-09-01T19:20:00,1012.93,21.91,0,232,64.03,0
2017-09-01T19:30:00,1012.93,21.83,0,233.2,65.08,0
2017-09-01T19:40:00,1012.93,21.8,0,223.8,65.32,0
2017-09-01T19:50:00,1012.93,21.81,0,230.2,65.49,0
2017-09-01T20:00:00,1012.93,21.82,0,222,66.63,0
2017-09-01T20:10:00,1012.93,21.83,0,220.6,66.95,0
2017-09-01T20:20:00,1012.93,21.79,0,213.3,66.68,0
2017-09-01T20:30:00,1012.93,21.82,0,205.3,67.15,0
2017-09-01T20:40:00,1012.93,21.83,0,213.4,67.18,0
2017-09-01T20:50:00,1012.93,21.82,0,211.6,66.2,0
2017-09-01T21:00:00,1012.93,21.88,0,207.4,66.24,0
2017-09-01T21:10:00,1012.93,21.95,0,192.6,66.35,0
2017-09-01T21:20:00,1012.93,22.06,0,202.4,63.75,0
2017-09-01T21:30:00,1012.93,22.24,0,221.9,61.96,0
2017-09-01T21:40:00,1012.93,22.24,0,224.6,61.7,0
2017-09-01T21:50:00,1012.93,22.22,0,213.3,62.6,0
2017-09-01T22:00:00,1012.93,22.2,0,208.6,64.53,0
2017-09-01T22:10:00,1012.93,22.18,0,224.1,64.56,0
2017-09-01T22:20:00,1012.93,22.15,0,230.9,64.19,0
2017-09-01T22:30:00,1011.93,22.14,0,217.1,61.53,0
2017-09-01T22:40:00,1011.93,22.18,0,231.6,60.94,0
2017-09-01T22:50:00,1011.93,22.18,0,229.3,61.63,0
2017-09-01T23:00:00,1011.93,22.25,0,227.7,58.29,0
2017-09-01T23:10:00,1011.93,22.27,0,224.7,55.83,0
2017-09-01T23:20:00,1011.93,22.3,0,224.3,53.17,0
2017-09-01T23:30:00,1011.93,22.15,0,210,56.32,0
2017-09-01T23:40:00,1011.93,22.09,0,219.9,55.02,0
2017-09-01T23:50:00,1011.93,22.14,0,226.1,54.41,0
2017-09-02T00:00:00,1011.93,22.04,0,218.3,53.71,0
2017-09-02T00:10:00,1011.93,22.08,0,222.8,55.41,0
2017-09-02T00:20:00,1011.93,22.07,0,234,54.22,0
2017-09-02T00:30:00,1011.93,22.04,0,230.3,53.74,0
2017-09-02T00:40:00,1011.93,22.06,0,223.3,54.34,0
2017-09-02T00:50:00,1011.93,22.04,0,219.3,54.98,0
2017-09-02T01:00:00,1011.93,22.01,0,226.6,53.49,0
2017-09-02T01:10:00,1011.93,22.01,0,219.3,54.93,0
2017-09-02T01:20:00,1010.93,21.95,0,214.1,54.08,0
2017-09-02T01:30:00,1010.93,21.93,0,223.2,54.53,0
2017-09-02T01:40:00,1010.93,21.95,0,227.1,53.76,0
2017-09-02T01:50:00,1010.93,21.93,0,222,52.01,0
2017-09-02T02:00:00,1010.93,21.9,0,218.1,52.07,0
2017-09-02T02:10:00,1010.93,21.91,0,220.7,49.47,0
2017-09-02T02:20:00,1010.93,21.87,0,216.8,52.44,0
2017-09-02T02:30:00,1010.93,21.82,0,217.7,50.92,0
2017-09-02T02:40:00,1010.93,21.83,0,214.3,52.44,0
2017-09-02T02:50:00,1010.93,21.78,0,222.3,51.79,0
2017-09-02T03:00:00,1010.93,21.76,0,219.1,53.81,0
2017-09-02T03:10:00,1009.93,21.64,0,217,52.05,0
2017-09-02T03:20:00,1009.93,21.69,0,210,49.77,0
2017-09-02T03:30:00,1009.93,21.71,0,226.5,49.73,0
2017-09-02T03:40:00,1009.93,21.63,0,201.9,50.97,0
2017-09-02T03:50:00,1009.93,21.52,0,228.1,51.63,0
2017-09-02T04:00:00,1009.93,21.43,0,206.8,52.9,0
2017-09-02T04:10:00,1009.93,21.38,0,213.6,53.05,0
2017-09-02T04:20:00,1009.93,21.41,0,200.2,54.12,0
2017-09-02T04:30:00,1009.93,21.36,0,195.2,54.16,0
2017-09-02T04:40:00,1008.93,21.22,0,199.2,54.31,0.816
2017-09-02T04:50:00,1008.93,21.11,0,194.1,55.05,4.158
2017-09-02T05:00:00,1008.93,21.09,0,189.2,56.11,9.6
2017-09-02T05:10:00,1008.93,21.13,0,181.7,57.57,19.87
2017-09-02T05:20:00,1008.93,21.12,0,191.3,56.08,26.83
2017-09-02T05:30:00,1008.93,21.04,0,197.4,59.5,30.04
2017-09-02T05:40:00,1008.93,20.85,0,188.4,61.28,52.38
2017-09-02T05:50:00,1008.93,20.72,0,176.3,61,59.35
2017-09-02T06:00:00,1008.93,20.78,0,163.4,63.19,112.6
2017-09-02T06:10:00,1007.93,21.14,0,153.5,65.06,160
2017-09-02T06:20:00,1007.93,21.29,0,160.9,69.61,76.8
2017-09-02T06:30:00,1007.93,21.26,0,170.4,70.8,61.55
2017-09-02T06:40:00,1007.93,21.24,0,190.4,68.35,41.01
2017-09-02T06:50:00,1007.93,21.23,0,196.6,64.26,61.84
2017-09-02T07:00:00,1007.93,21.35,0,185.4,63.45,251
2017-09-02T07:10:00,1007.93,21.74,0,177.2,61.81,380.1
2017-09-02T07:20:00,1007.93,21.92,0,177.7,64.73,375.4
2017-09-02T07:30:00,1007.93,21.91,0,179.4,65.02,425.8
2017-09-02T07:40:00,1007.93,21.86,0,182.8,65.98,284.3
2017-09-02T07:50:00,1007.93,22.33,0,199.6,61.35,370.4
2017-09-02T08:00:00,1007.93,22.05,0,201.3,64.32,329.7
2017-09-02T08:10:00,1007.93,22.33,0,209.5,61.85,351.5
2017-09-02T08:20:00,1007.93,22.54,0,217.4,62.31,561.1
2017-09-02T08:30:00,1008.93,22.49,0,219.5,61.44,584.8
2017-09-02T08:40:00,1008.93,22.49,0,235.7,61.34,624.9
2017-09-02T08:50:00,1008.93,22.59,0,229.3,60.56,646.1
2017-09-02T09:00:00,1008.93,22.86,0,221.8,58.9,686.6
2017-09-02T09:10:00,1008.93,22.83,0,206.7,59.46,543.5
2017-09-02T09:20:00,1007.93,22.81,0,232.5,59.9,711
2017-09-02T09:30:00,1007.93,22.42,0,255.8,60.72,801
2017-09-02T09:40:00,1007.93,22.37,0,250.5,59.51,766
2017-09-02T09:50:00,1007.93,21.91,0,263.1,57.75,772
2017-09-02T10:00:00,1007.93,21.93,0,257.6,55.93,780
2017-09-02T10:10:00,1007.93,21.98,0,262.6,55.42,797
2017-09-02T10:20:00,1008.93,22.04,0,268.6,54.83,835
2017-09-02T10:30:00,1008.93,22.28,0,276.8,52.06,901
2017-09-02T10:40:00,1008.93,22.41,0,253.4,50.72,902
2017-09-02T10:50:00,1008.93,22.38,0,262.4,48.79,827
2017-09-02T11:00:00,1008.93,23.04,0,235.3,47.74,961
2017-09-02T11:10:00,1008.93,22.96,0,250.5,46.83,1004
2017-09-02T11:20:00,1008.93,22.86,0,244.4,46.84,992
2017-09-02T11:30:00,1007.93,23.02,0,239.6,46.2,1027
2017-09-02T11:40:00,1007.93,23.1,0,240.4,44.43,964
2017-09-02T11:50:00,1008.93,22.58,0,281.9,47.27,882
2017-09-02T12:00:00,1008.93,22.81,0,298.5,45.05,1051
2017-09-02T12:10:00,1007.93,22.67,0,285.7,44.96,936
2017-09-02T12:20:00,1007.93,22.27,0,287,46.96,791
2017-09-02T12:30:00,1007.93,22.28,0,271.3,46.42,848
2017-09-02T12:40:00,1007.93,22.81,0,272.1,41.31,847
2017-09-02T12:50:00,1007.93,22.7,0,292.4,38.41,827
2017-09-02T13:00:00,1007.93,22.77,0,290.3,38.67,807
2017-09-02T13:10:00,1006.93,23.09,0,281.3,38.46,792
2017-09-02T13:20:00,1006.93,23.12,0,261.3,39.73,783
2017-09-02T13:30:00,1006.93,23.28,0,277.7,36.43,736
2017-09-02T13:40:00,1006.93,23.38,0,289.3,35.94,751
2017-09-02T13:50:00,1006.93,23.61,0,301.3,35.17,724
2017-09-02T14:00:00,1006.93,23.72,0,303.4,34.27,598.3
2017-09-02T14:10:00,1006.93,23.74,0,305.8,33.69,698.6
2017-09-02T14:20:00,1006.93,23.52,0,336.5,34.32,666.8
2017-09-02T14:30:00,1006.93,23.07,0,33,35.34,676.8
2017-09-02T14:40:00,1006.93,22.49,0,66.3,36.03,576.8
2017-09-02T14:50:00,1006.93,22.49,0,80,35.87,609.2
2017-09-02T15:00:00,1006.93,23.14,0,47.1,34.82,541.4
2017-09-02T15:10:00,1006.93,23.37,0,335.2,30.93,468.7
2017-09-02T15:20:00,1006.93,23.48,0,320.7,29.41,405.1
2017-09-02T15:30:00,1007.93,22.58,0,337.8,29.49,292.7
2017-09-02T15:40:00,1007.93,22.14,0,331.1,30.39,237
2017-09-02T15:50:00,1007.93,22.24,0,328.2,30.13,252.7
2017-09-02T16:00:00,1007.93,21.98,0,341.3,29.18,250.8
2017-09-02T16:10:00,1007.93,22,0,335.7,29.31,288.2
2017-09-02T16:20:00,1007.93,22.12,0,323.7,29.88,200
2017-09-02T16:30:00,1007.93,21.75,0,334.4,29.58,105.5
2017-09-02T16:40:00,1007.93,21.83,0,345.9,29.9,119.4
2017-09-02T16:50:00,1007.93,21.8,0,333.8,29.7,84
2017-09-02T17:00:00,1007.93,21.76,0,351.6,29.67,57.3
2017-09-02T17:10:00,1008.93,21.32,0,356.6,30.37,39.89
2017-09-02T17:20:00,1008.93,20.7,0,356.5,31.25,30.13
2017-09-02T17:30:00,1008.93,20.43,0,339.1,31.95,19.98
2017-09-02T17:40:00,1008.93,20.29,0,339.4,32.9,9.82
2017-09-02T17:50:00,1008.93,20.16,0,354.5,32.9,3.992
2017-09-02T18:00:00,1008.93,20.06,0,350.1,33.58,1.427
2017-09-02T18:10:00,1008.93,19.83,0,350.4,34.32,0
2017-09-02T18:20:00,1008.93,19.16,0,39,36.63,0
2017-09-02T18:30:00,1009.93,18.88,0,17.4,38.34,0
2017-09-02T18:40:00,1009.93,18.79,0,6.9,39.3,0
2017-09-02T18:50:00,1009.93,18.69,0,356.5,39.93,0
2017-09-02T19:00:00,1009.93,18.61,0,8.9,40.35,0
2017-09-02T19:10:00,1009.93,18.59,0,20.9,40.85,0
2017-09-02T19:20:00,1009.93,18.59,0,24.4,40.93,0
2017-09-02T19:30:00,1009.93,18.68,0,3.6,40.95,0
2017-09-02T19:40:00,1009.93,18.68,0,352,41.16,0
2017-09-02T19:50:00,1009.93,18.52,0,26.8,42.54,0
2017-09-02T20:00:00,1010.93,17.82,0,54.8,47.31,0
2017-09-02T20:10:00,1010.93,17.18,0,53,51.6,0
2017-09-02T20:20:00,1010.93,16.54,0,49.8,55.12,0
2017-09-02T20:30:00,1010.93,16.42,0,52.8,55.13,0
2017-09-02T20:40:00,1010.93,16.49,0,58.9,54.59,0
2017-09-02T20:50:00,1010.93,16.71,0,60.7,53.08,0
2017-09-02T21:00:00,1010.93,16.97,0,51.3,51.32,0
2017-09-02T21:10:00,1010.93,17.29,0,50,49.01,0
2017-09-02T21:20:00,1010.93,17.55,0,29.4,47.7,0
2017-09-02T21:30:00,1010.93,17.87,0,34.5,44.86,0
2017-09-02T21:40:00,1009.93,18.19,0,36.8,42.63,0
2017-09-02T21:50:00,1009.93,17.73,0,52.1,46.61,0
2017-09-02T22:00:00,1009.93,17.57,0,48.2,47.3,0
2017-09-02T22:10:00,1009.93,17.39,0,45,48.67,0
2017-09-02T22:20:00,1009.93,17.38,0,41.3,48.69,0
2017-09-02T22:30:00,1009.93,17.36,0,43.1,48.94,0
2017-09-02T22:40:00,1009.93,17.19,0,43,50.06,0
2017-09-02T22:50:00,1009.93,17.07,0,36,50.46,0
2017-09-02T23:00:00,1009.93,17.07,0,26.1,50.1,0
2017-09-02T23:10:00,1009.93,16.85,0,34.3,51.13,0
2017-09-02T23:20:00,1009.93,16.8,0,40.5,50.83,0
2017-09-02T23:30:00,1009.93,16.81,0,41.2,50.88,0
2017-09-02T23:40:00,1009.93,16.82,0,46.5,51.16,0
2017-09-02T23:50:00,1009.93,17.06,0,49.2,48.59,0
2017-09-03T00:00:00,1009.93,17.47,0,61,45.74,0
2017-09-03T00:10:00,1009.93,17.65,0,54.2,44.83,0
2017-09-03T00:20:00,1009.93,17.67,0,28.5,44.5,0
2017-09-03T00:30:00,1009.93,17.89,0,9,43.46,0
2017-09-03T00:40:00,1009.93,17.84,0,1.7,43.85,0
2017-09-03T00:50:00,1009.93,17.9,0,11.2,43.4,0
2017-09-03T01:00:00,1009.93,17.68,0,17.6,44.57,0
2017-09-03T01:10:00,1009.93,17.51,0,6.1,45.29,0
2017-09-03T01:20:00,1009.93,17.46,0,345.8,45.65,0
2017-09-03T01:30:00,1009.93,17.44,0,345.2,45.47,0
2017-09-03T01:40:00,1009.93,17.44,0,2.9,44.94,0
2017-09-03T01:50:00,1009.93,16.99,0,97.2,47.81,0
2017-09-03T02:00:00,1009.93,16.44,0,98,50.65,0
2017-09-03T02:10:00,1009.93,16.4,0,105.5,50.43,0
2017-09-03T02:20:00,1009.93,16.49,0,92,49.57,0
2017-09-03T02:30:00,1009.93,16.73,0,59.7,47.67,0
2017-09-03T02:40:00,1009.93,16.77,0,44.3,47.54,0
2017-09-03T02:50:00,1009.93,16.79,0,19.8,47.28,0
2017-09-03T03:00:00,1010.93,16.89,0,40.6,46.83,0
2017-09-03T03:10:00,1010.93,16.67,0,90.1,47.95,0
2017-09-03T03:20:00,1010.93,16.69,0,81.1,47.35,0
2017-09-03T03:30:00,1010.93,16.91,0,78,46.42,0
2017-09-03T03:40:00,1010.93,17.06,0,60.9,46.22,0
2017-09-03T03:50:00,1010.93,16.84,0,25.9,47.8,0
2017-09-03T04:00:00,1010.93,16.78,0,19.2,47.48,0
2017-09-03T04:10:00,1010.93,16.82,0,37.9,47.34,0
2017-09-03T04:20:00,1010.93,16.88,0,34.4,47.4,0
2017-09-03T04:30:00,1010.93,16.66,0,31.2,48.54,0
2017-09-03T04:40:00,1010.93,16.65,0,31.3,48.44,1.072
2017-09-03T04:50:00,1010.93,16.51,0,30.9,49.18,5.861
2017-09-03T05:00:00,1010.93,16.69,0,27,47.73,13.08
2017-09-03T05:10:00,1010.93,16.98,0,22.7,46.1,17.72
2017-09-03T05:20:00,1010.93,17.23,0,21.4,44.7,33.04
2017-09-03T05:30:00,1010.93,17.54,0,1.3,43.9,62.35
2017-09-03T05:40:00,1010.93,17.53,0,13.8,43.73,88.3
2017-09-03T05:50:00,1010.93,17.72,0,21.2,42.82,117.5
2017-09-03T06:00:00,1010.93,18.1,0,30.7,40.85,127.8
2017-09-03T06:10:00,1010.93,18.42,0,31.3,39.77,176.7
2017-09-03T06:20:00,1010.93,18.69,0,15.5,37.97,203.9
2017-09-03T06:30:00,1010.93,18.76,0,20.1,38.02,231.2
2017-09-03T06:40:00,1010.93,19.11,0,36.2,37.12,260.8
2017-09-03T06:50:00,1010.93,19.6,0,113.7,36.63,296.4
2017-09-03T07:00:00,1010.93,19.73,0,187.2,42.79,334.9
2017-09-03T07:10:00,1010.93,20.01,0,175,39.06,368.9
2017-09-03T07:20:00,1010.93,20.47,0,82,36.81,401.8
2017-09-03T07:30:00,1010.93,20.69,0,353.6,33.92,433.5
2017-09-03T07:40:00,1010.93,20.53,0,358.1,32.71,462.3
2017-09-03T07:50:00,1010.93,20.61,0,264.7,35.58,490.9
2017-09-03T08:00:00,1011.93,20.49,0,232.8,40.09,519.1
2017-09-03T08:10:00,1011.93,20.93,0,204.6,40.35,545.8
2017-09-03T08:20:00,1011.93,21,0,207.5,42.69,574.2
2017-09-03T08:30:00,1011.93,20.89,0,195.2,44.73,600.5
2017-09-03T08:40:00,1011.93,20.63,0,184.9,46.3,625.2
2017-09-03T08:50:00,1011.93,20.73,0,195.5,45.65,647.7
2017-09-03T09:00:00,1011.93,20.91,0,196.4,47.22,671
2017-09-03T09:10:00,1011.93,21.02,0,192,47.38,693.4
2017-09-03T09:20:00,1011.93,21.35,0,200,46.84,715
2017-09-03T09:30:00,1011.93,21.28,0,194.3,47.36,737
2017-09-03T09:40:00,1011.93,21.5,0,194,47.05,756
2017-09-03T09:50:00,1011.93,22.53,0,214.6,40.18,771
2017-09-03T10:00:00,1011.93,22.32,0,195,46.13,783
2017-09-03T10:10:00,1011.93,21.78,0,179.6,46.86,799
2017-09-03T10:20:00,1012.93,21.84,0,187.4,48.16,811
2017-09-03T10:30:00,1012.93,22.06,0,188.8,46.69,821
2017-09-03T10:40:00,1012.93,22.55,0,222.3,40.37,830
2017-09-03T10:50:00,1012.93,22.93,0,218.3,32.92,838
2017-09-03T11:00:00,1012.93,22.98,0,225.9,33.7,844
2017-09-03T11:10:00,1012.93,22.99,0,228,34.21,847
2017-09-03T11:20:00,1012.93,23.31,0,223,35.23,848
2017-09-03T11:30:00,1012.93,23.11,0,237.1,36.05,848
2017-09-03T11:40:00,1011.93,22.44,0,258.1,36.43,847
2017-09-03T11:50:00,1011.93,21.94,0,265.7,34.99,846
2017-09-03T12:00:00,1011.93,22.14,0,261.1,36.43,841
2017-09-03T12:10:00,1012.93,22.53,0,253.1,37.56,836
2017-09-03T12:20:00,1011.93,23.4,0,227.2,37.28,831
2017-09-03T12:30:00,1011.93,23.42,0,228.9,39.3,824
2017-09-03T12:40:00,1011.93,23.6,0,226.2,39.27,814
2017-09-03T12:50:00,1012.93,23.76,0,218.5,37.7,801
2017-09-03T13:00:00,1012.93,23.8,0,220.8,37.74,787
2017-09-03T13:10:00,1012.93,23.8,0,216.2,37.97,771
2017-09-03T13:20:00,1012.93,23.81,0,226.1,39.2,755
2017-09-03T13:30:00,1012.93,23.88,0,226,37.29,739
2017-09-03T13:40:00,1012.93,23.96,0,219.1,37.29,721
2017-09-03T13:50:00,1011.93,23.86,0,223.2,37.83,702
2017-09-03T14:00:00,1011.93,23.97,0,213.4,37.32,682.6
2017-09-03T14:10:00,1011.93,24.04,0,219.3,36.66,660
2017-09-03T14:20:00,1011.93,23.89,0,218.8,36.95,636.5
2017-09-03T14:30:00,1011.93,24.02,0,213.4,37.12,610.9
2017-09-03T14:40:00,1011.93,23.85,0,210.5,37.28,573.2
2017-09-03T14:50:00,1011.93,23.98,0,216.5,37.42,557.5
2017-09-03T15:00:00,1011.93,24.11,0,218.3,36.96,530.7
2017-09-03T15:10:00,1011.93,23.94,0,229.7,36.19,502
2017-09-03T15:20:00,1011.93,23.88,0,235.9,36.56,471.7
2017-09-03T15:30:00,1011.93,23.95,0,238.5,36.73,444.7
2017-09-03T15:40:00,1011.93,23.72,0,247.5,36.65,416.5
2017-09-03T15:50:00,1011.93,23.85,0,229.1,37,384
2017-09-03T16:00:00,1011.93,23.78,0,217.6,37.23,348.3
2017-09-03T16:10:00,1012.93,23.61,0,231.1,37.88,313.4
2017-09-03T16:20:00,1012.93,23.6,0,230.8,38.12,278.2
2017-09-03T16:30:00,1012.93,23.39,0,221,41.57,244.2
2017-09-03T16:40:00,1012.93,23.25,0,252.1,41.41,210.3
2017-09-03T16:50:00,1012.93,23.23,0,244.7,41.44,176.2
2017-09-03T17:00:00,1012.93,23.08,0,238.3,41.62,144.6
2017-09-03T17:10:00,1012.93,22.89,0,244.3,40.77,112.2
2017-09-03T17:20:00,1012.93,22.63,0,247,42.57,72.2
2017-09-03T17:30:00,1012.93,22.11,0,256.7,42.62,28.85
2017-09-03T17:40:00,1012.93,21.85,0,249.4,43.37,11.96
2017-09-03T17:50:00,1012.93,21.76,0,244.7,44.81,5.541
2017-09-03T18:00:00,1012.93,21.7,0,256.9,44.93,1.738
2017-09-03T18:10:00,1012.93,21.61,0,280,45.69,0
2017-09-03T18:20:00,1012.93,21.55,0,308,44.51,0
2017-09-03T18:30:00,1012.93,21.42,0,358.5,44.9,0
2017-09-03T18:40:00,1012.93,21.32,0,325.9,45.19,0
2017-09-03T18:50:00,1012.93,21.38,0,223.5,45.46,0
2017-09-03T19:00:00,1012.93,21.3,0,263.6,46.18,0
2017-09-03T19:10:00,1012.93,21.08,0,352.5,46.7,0
2017-09-03T19:20:00,1013.93,21.01,0,338.9,47.42,0
2017-09-03T19:30:00,1013.93,21,0,347,47.24,0
2017-09-03T19:40:00,1013.93,21,0,348.1,46.54,0
2017-09-03T19:50:00,1013.93,20.83,0,351.6,46.44,0
2017-09-03T20:00:00,1013.93,20.54,0,356.5,47.29,0
2017-09-03T20:10:00,1013.93,20.2,0,356.4,48.43,0
2017-09-03T20:20:00,1013.93,20.16,0,12.5,49.14,0
2017-09-03T20:30:00,1013.93,20.19,0,7.3,49.5,0
2017-09-03T20:40:00,1013.93,20.21,0,352.2,48.98,0
2017-09-03T20:50:00,1013.93,20.09,0,347.4,49.53,0
2017-09-03T21:00:00,1013.93,19.84,0,43.9,50.01,0
2017-09-03T21:10:00,1013.93,19.34,0,40.9,51.04,0
2017-09-03T21:20:00,1014.93,19.36,0,45,50.74,0
2017-09-03T21:30:00,1014.93,19.2,0,32,51.94,0
2017-09-03T21:40:00,1014.93,18.92,0,18.8,53.31,0
2017-09-03T21:50:00,1014.93,18.55,0,16.5,54.52,0
2017-09-03T22:00:00,1014.93,18.3,0,29.7,54.5,0
2017-09-03T22:10:00,1014.93,18.36,0,31.1,53.64,0
2017-09-03T22:20:00,1014.93,18.47,0,33.3,53.93,0
2017-09-03T22:30:00,1014.93,18.43,0,35.4,54.68,0
2017-09-03T22:40:00,1014.93,18.42,0,31.1,54.66,0
2017-09-03T22:50:00,1014.93,18.14,0,27.6,55.83,0
2017-09-03T23:00:00,1014.93,17.98,0,29.9,56.07,0
2017-09-03T23:10:00,1014.93,17.81,0,351.8,57,0
2017-09-03T23:20:00,1014.93,17.66,0,359.4,57.37,0
2017-09-03T23:30:00,1014.93,17.7,0,11.9,57.35,0
2017-09-03T23:40:00,1014.93,17.59,0,327.9,58.66,0
2017-09-03T23:50:00,1014.93,17.53,0,330.9,59.18,0
2017-09-04T00:00:00,1014.93,17.35,0,343.8,59.98,0
2017-09-04T00:10:00,1014.93,17.18,0,354.8,59.67,0
2017-09-04T00:20:00,1014.93,17.48,0,17.3,57.96,0
2017-09-04T00:30:00,1014.93,17.43,0,13.5,58.09,0
2017-09-04T00:40:00,1014.93,17.21,0,332.8,58.98,0
2017-09-04T00:50:00,1014.93,17.2,0,6.1,58.73,0
2017-09-04T01:00:00,1014.93,16.88,0,354.3,60.55,0
2017-09-04T01:10:00,1014.93,16.81,0,21.8,60.33,0
2017-09-04T01:20:00,1014.93,16.85,0,348,60.6,0
2017-09-04T01:30:00,1014.93,16.86,0,2,60.3,0
2017-09-04T01:40:00,1014.93,16.68,0,347.3,61.58,0
2017-09-04T01:50:00,1014.93,16.55,0,18.4,61.65,0
2017-09-04T02:00:00,1014.93,16.81,0,31.3,60.48,0
2017-09-04T02:10:00,1014.93,16.67,0,33.3,60.86,0
2017-09-04T02:20:00,1014.93,16.26,0,14.5,62.3,0
2017-09-04T02:30:00,1014.93,16.34,0,8.3,62.47,0
2017-09-04T02:40:00,1014.93,16.46,0,11.1,61.97,0
2017-09-04T02:50:00,1014.93,16.41,0,348.3,62.76,0
2017-09-04T03:00:00,1014.93,16.32,0,1,63.36,0
2017-09-04T03:10:00,1014.93,16.25,0,342.1,63.21,0
2017-09-04T03:20:00,1014.93,16.2,0,351.7,63.43,0
2017-09-04T03:30:00,1014.93,16.29,0,35.2,62.39,0
2017-09-04T03:40:00,1014.93,16.24,0,29,61.37,0
2017-09-04T03:50:00,1014.93,15.91,0,29.1,62.63,0
2017-09-04T04:00:00,1014.93,15.6,0,35.5,63.83,0
2017-09-04T04:10:00,1014.93,15.61,0,27.3,64.43,0
2017-09-04T04:20:00,1014.93,15.8,0,20.9,63.91,0
2017-09-04T04:30:00,1014.93,15.96,0,31.6,63.66,0
2017-09-04T04:40:00,1015.93,16,0,357.4,64.38,0.631
2017-09-04T04:50:00,1015.93,15.99,0,16.1,64.96,2.83
2017-09-04T05:00:00,1015.93,16.04,0,32.9,65.17,7.97
2017-09-04T05:10:00,1015.93,15.92,0,31.5,65.42,15.15
2017-09-04T05:20:00,1015.93,15.96,0,39.8,64.69,29.08
2017-09-04T05:30:00,1015.93,15.88,0,37.6,63.73,50.74
2017-09-04T05:40:00,1015.93,15.91,0,37.1,63.69,83.9
2017-09-04T05:50:00,1015.93,15.85,0,39.8,64.7,65.21
2017-09-04T06:00:00,1015.93,15.73,0,38.8,65.94,67.65
2017-09-04T06:10:00,1015.93,16.07,0,33.3,65.36,102.5
2017-09-04T06:20:00,1015.93,16.41,0,35.3,64.53,144.5
2017-09-04T06:30:00,1015.93,16.51,0,37.4,64.5,198.6
2017-09-04T06:40:00,1015.93,16.59,0,31.8,64.07,214.1
2017-09-04T06:50:00,1015.93,16.67,0,38.1,63.32,225.1
2017-09-04T07:00:00,1015.93,16.9,0,39.7,62.4,299.6
2017-09-04T07:10:00,1016.93,17.22,0,35.4,60.49,282.4