"";"SITE_CODE";"ABS_POSITION";"TIME";"VARIABLE";"TAXA";"VALUE";"ORG_NAME";"RECORD_ID";"DATASET_KEY";"INSTITUTION_CODE";"LICENSE"
"1";"https://deims.org/97ff6180-e5d1-45f2-a559-8a7872eb26b1";c(10.539314, 46.72105);"2021-05-22TNA";"occurrence";5231240;TRUE;"gbif";"3525905398";"4fa7b334-ce0d-4e88-aaae-2e0c138d049e";"CLO";"http://creativecommons.org/licenses/by/4.0/legalcode"
"2";"https://deims.org/97ff6180-e5d1-45f2-a559-8a7872eb26b1";c(10.539314, 46.72105);"2021-05-22TNA";"occurrence";7745240;TRUE;"gbif";"3535038067";"4fa7b334-ce0d-4e88-aaae-2e0c138d049e";"CLO";"http://creativecommons.org/licenses/by/4.0/legalcode"
"3";"https://deims.org/97ff6180-e5d1-45f2-a559-8a7872eb26b1";c(10.539314, 46.72105);"2021-05-22TNA";"occurrence";2492521;TRUE;"gbif";"3543775395";"4fa7b334-ce0d-4e88-aaae-2e0c138d049e";"CLO";"http://creativecommons.org/licenses/by/4.0/legalcode"
"4";"https://deims.org/97ff6180-e5d1-45f2-a559-8a7872eb26b1";c(10.539314, 46.72105);"2021-05-22TNA";"occurrence";2482473;TRUE;"gbif";"3544657301";"4fa7b334-ce0d-4e88-aaae-2e0c138d049e";"CLO";"http://creativecommons.org/licenses/by/4.0/legalcode"
"5";"https://deims.org/97ff6180-e5d1-45f2-a559-8a7872eb26b1";c(10.539314, 46.72105);"2021-05-22TNA";"occurrence";2498326;TRUE;"gbif";"3629833769";"4fa7b334-ce0d-4e88-aaae-2e0c138d049e";"CLO";"http://creativecommons.org/licenses/by/4.0/legalcode"
"6";"https://deims.org/97ff6180-e5d1-45f2-a559-8a7872eb26b1";c(10.539314, 46.72105);"2021-05-22TNA";"occurrence";11034996;TRUE;"gbif";"3638749926";"4fa7b334-ce0d-4e88-aaae-2e0c138d049e";"CLO";"http://creativecommons.org/licenses/by/4.0/legalcode"
"7";"https://deims.org/97ff6180-e5d1-45f2-a559-8a7872eb26b1";c(10.539314, 46.72105);"2021-05-22TNA";"occurrence";6871058;TRUE;"gbif";"3639928644";"4fa7b334-ce0d-4e88-aaae-2e0c138d049e";"CLO";"http://creativecommons.org/licenses/by/4.0/legalcode"
"8";"https://deims.org/97ff6180-e5d1-45f2-a559-8a7872eb26b1";c(10.539314, 46.72105);"2021-05-22TNA";"occurrence";5229168;TRUE;"gbif";"3642208512";"4fa7b334-ce0d-4e88-aaae-2e0c138d049e";"CLO";"http://creativecommons.org/licenses/by/4.0/legalcode"
"9";"https://deims.org/97ff6180-e5d1-45f2-a559-8a7872eb26b1";c(10.539314, 46.72105);"2021-05-22TNA";"occurrence";5231918;TRUE;"gbif";"3646646622";"4fa7b334-ce0d-4e88-aaae-2e0c138d049e";"CLO";"http://creativecommons.org/licenses/by/4.0/legalcode"
"10";"https://deims.org/97ff6180-e5d1-45f2-a559-8a7872eb26b1";c(10.539314, 46.72105);"2021-05-22TNA";"occurrence";6092830;TRUE;"gbif";"3650059233";"4fa7b334-ce0d-4e88-aaae-2e0c138d049e";"CLO";"http://creativecommons.org/licenses/by/4.0/legalcode"
"11";"https://deims.org/97ff6180-e5d1-45f2-a559-8a7872eb26b1";c(10.539314, 46.72105);"2021-05-22TNA";"occurrence";2494459;TRUE;"gbif";"3650278773";"4fa7b334-ce0d-4e88-aaae-2e0c138d049e";"CLO";"http://creativecommons.org/licenses/by/4.0/legalcode"
"12";"https://deims.org/97ff6180-e5d1-45f2-a559-8a7872eb26b1";c(10.539314, 46.72105);"2021-05-22TNA";"occurrence";8077224;TRUE;"gbif";"3653550548";"4fa7b334-ce0d-4e88-aaae-2e0c138d049e";"CLO";"http://creativecommons.org/licenses/by/4.0/legalcode"
"13";"https://deims.org/97ff6180-e5d1-45f2-a559-8a7872eb26b1";c(10.539314, 46.72105);"2021-05-22TNA";"occurrence";2481800;TRUE;"gbif";"3657357191";"4fa7b334-ce0d-4e88-aaae-2e0c138d049e";"CLO";"http://creativecommons.org/licenses/by/4.0/legalcode"
"14";"https://deims.org/97ff6180-e5d1-45f2-a559-8a7872eb26b1";c(10.539314, 46.72105);"2021-05-22TNA";"occurrence";2491534;TRUE;"gbif";"3657667717";"4fa7b334-ce0d-4e88-aaae-2e0c138d049e";"CLO";"http://creativecommons.org/licenses/by/4.0/legalcode"
"15";"https://deims.org/97ff6180-e5d1-45f2-a559-8a7872eb26b1";c(10.539314, 46.72105);"2021-05-22TNA";"occurrence";2482048;TRUE;"gbif";"3658373556";"4fa7b334-ce0d-4e88-aaae-2e0c138d049e";"CLO";"http://creativecommons.org/licenses/by/4.0/legalcode"
"16";"https://deims.org/97ff6180-e5d1-45f2-a559-8a7872eb26b1";c(10.539314, 46.72105);"2021-05-22TNA";"occurrence";2498261;TRUE;"gbif";"3659019780";"4fa7b334-ce0d-4e88-aaae-2e0c138d049e";"CLO";"http://creativecommons.org/licenses/by/4.0/legalcode"
"17";"https://deims.org/97ff6180-e5d1-45f2-a559-8a7872eb26b1";c(10.539314, 46.72105);"2021-05-22TNA";"occurrence";2490255;TRUE;"gbif";"3659741327";"4fa7b334-ce0d-4e88-aaae-2e0c138d049e";"CLO";"http://creativecommons.org/licenses/by/4.0/legalcode"
"18";"https://deims.org/97ff6180-e5d1-45f2-a559-8a7872eb26b1";c(10.539314, 46.72105);"2021-05-22TNA";"occurrence";2490246;TRUE;"gbif";"3660572173";"4fa7b334-ce0d-4e88-aaae-2e0c138d049e";"CLO";"http://creativecommons.org/licenses/by/4.0/legalcode"
