"";"FIELD_NAME";"CODE";"NAME";"CODE_URL"
"1";"TAXA";5231240;"Oenanthe oenanthe (Linnaeus, 1758)";"https://www.gbif.org/species/5231240"
"2";"TAXA";7745240;"Lanius collurio Linnaeus, 1758";"https://www.gbif.org/species/7745240"
"3";"TAXA";2492521;"Saxicola rubetra (Linnaeus, 1758)";"https://www.gbif.org/species/2492521"
"4";"TAXA";2482473;"Coloeus monedula (Linnaeus, 1758)";"https://www.gbif.org/species/2482473"
"5";"TAXA";2498326;"Bucephala clangula (Linnaeus, 1758)";"https://www.gbif.org/species/2498326"
"6";"TAXA";11034996;"Sylvia curruca (Linnaeus, 1758)";"https://www.gbif.org/species/11034996"
"7";"TAXA";6871058;"Acanthis flammea cabaret (P.L.Statius Müller, 1776)";"https://www.gbif.org/species/6871058"
"8";"TAXA";5229168;"Milvus milvus (Linnaeus, 1758)";"https://www.gbif.org/species/5229168"
"9";"TAXA";5231918;"Cuculus canorus Linnaeus, 1758";"https://www.gbif.org/species/5231918"
"10";"TAXA";6092830;"Spinus spinus (Linnaeus, 1758)";"https://www.gbif.org/species/6092830"
"11";"TAXA";2494459;"Carpodacus erythrinus (Pallas, 1770)";"https://www.gbif.org/species/2494459"
"12";"TAXA";8077224;"Alauda arvensis Linnaeus, 1758";"https://www.gbif.org/species/8077224"
"13";"TAXA";2481800;"Actitis hypoleucos (Linnaeus, 1758)";"https://www.gbif.org/species/2481800"
"14";"TAXA";2491534;"Emberiza citrinella Linnaeus, 1758";"https://www.gbif.org/species/2491534"
"15";"TAXA";2482048;"Tachybaptus ruficollis (Pallas, 1764)";"https://www.gbif.org/species/2482048"
"16";"TAXA";2498261;"Aythya fuligula (Linnaeus, 1758)";"https://www.gbif.org/species/2498261"
"17";"TAXA";2490255;"Anthus spinoletta (Linnaeus, 1758)";"https://www.gbif.org/species/2490255"
"18";"TAXA";2490246;"Anthus trivialis (Linnaeus, 1758)";"https://www.gbif.org/species/2490246"
