"";"SITE_CODE";"ABS_POSITION";"TIME";"VARIABLE";"TAXA";"VALUE";"FLAGQUA";"ORG_NAME";"RECORD_ID";"AUTHOR_ID";"LICENSE"
"1";"https://deims.org/97ff6180-e5d1-45f2-a559-8a7872eb26b1";"46.7469562116,10.5316111533";"2022-09-06T16:48:12+02:00";"occurrence";4208;TRUE;"research";"inat";134785888;92931;"cc-by-nc"
"2";"https://deims.org/97ff6180-e5d1-45f2-a559-8a7872eb26b1";"46.7441561889,10.5304668631";"2022-09-06T16:32:36+02:00";"occurrence";4237;TRUE;"research";"inat";134785825;92931;"cc-by-nc"
"3";"https://deims.org/97ff6180-e5d1-45f2-a559-8a7872eb26b1";"46.7438847286,10.5303017815";"2022-09-06T16:30:18+02:00";"occurrence";7046;TRUE;"research";"inat";134785703;92931;"cc-by-nc"
"4";"https://deims.org/97ff6180-e5d1-45f2-a559-8a7872eb26b1";"46.7436438329,10.5303657635";"2022-09-06T16:30:52+02:00";"occurrence";4237;TRUE;"research";"inat";134785566;92931;"cc-by-nc"
"5";"https://deims.org/97ff6180-e5d1-45f2-a559-8a7872eb26b1";"46.7439821916,10.5299847767";"2022-09-06T16:31:10+02:00";"occurrence";7046;TRUE;"research";"inat";134785478;92931;"cc-by-nc"
"6";"https://deims.org/97ff6180-e5d1-45f2-a559-8a7872eb26b1";"46.7443222365,10.5304630463";"2022-09-06T16:32:53+02:00";"occurrence";4237;TRUE;"research";"inat";134785405;92931;"cc-by-nc"
"7";"https://deims.org/97ff6180-e5d1-45f2-a559-8a7872eb26b1";"46.7453661538,10.5298665215";"2022-09-06T16:33:24+02:00";"occurrence";7046;TRUE;"research";"inat";134785336;92931;"cc-by-nc"
"8";"https://deims.org/97ff6180-e5d1-45f2-a559-8a7872eb26b1";"46.7447070396,10.5304977928";"2022-09-06T16:36:40+02:00";"occurrence";4237;TRUE;"research";"inat";134785246;92931;"cc-by-nc"
"9";"https://deims.org/97ff6180-e5d1-45f2-a559-8a7872eb26b1";"46.6330681435,10.6062473729";"2022-09-11T18:36:07+02:00";"occurrence";482;TRUE;"research";"inat";134630003;5361331;NA
"10";"https://deims.org/97ff6180-e5d1-45f2-a559-8a7872eb26b1";"46.6794714019,10.5617894232";"2022-08-29T13:59:33+02:00";"occurrence";334551;TRUE;"research";"inat";134621062;5665878;"cc-by-nc"
"11";"https://deims.org/97ff6180-e5d1-45f2-a559-8a7872eb26b1";"46.6798783162,10.5619614199";"2022-08-29T14:33:24+02:00";"occurrence";102800;TRUE;"needs_id";"inat";134620625;5665878;"cc-by-nc"
"12";"https://deims.org/97ff6180-e5d1-45f2-a559-8a7872eb26b1";"46.6789897255,10.561218448";"2022-08-29T14:34:45+02:00";"occurrence";538903;TRUE;"needs_id";"inat";134620128;5665878;"cc-by-nc"
"13";"https://deims.org/97ff6180-e5d1-45f2-a559-8a7872eb26b1";"46.6791834087,10.5605881289";NA;"occurrence";464211;TRUE;"needs_id";"inat";134619488;5665878;"cc-by-nc"
"14";"https://deims.org/97ff6180-e5d1-45f2-a559-8a7872eb26b1";"46.6519307053,10.6065099296";"2022-08-06T15:32:26+02:00";"occurrence";491355;TRUE;"needs_id";"inat";133739328;5341709;NA
"15";"https://deims.org/97ff6180-e5d1-45f2-a559-8a7872eb26b1";"46.7332475328,10.5206293189";"2022-08-07T10:41:07+02:00";"occurrence";47124;TRUE;"casual";"inat";133738926;5341709;NA
"16";"https://deims.org/97ff6180-e5d1-45f2-a559-8a7872eb26b1";"46.711005,10.529875";"2022-08-07T15:47:56+02:00";"occurrence";120157;TRUE;"needs_id";"inat";133738596;5341709;NA
"17";"https://deims.org/97ff6180-e5d1-45f2-a559-8a7872eb26b1";"46.69988875,10.6906792332";"2014-07-20T12:43:00+02:00";"occurrence";98294;TRUE;"research";"inat";133435895;105778;"cc-by-nc-nd"
"18";"https://deims.org/97ff6180-e5d1-45f2-a559-8a7872eb26b1";"46.7324366667,10.658645";"2022-08-29T11:07:04+02:00";"occurrence";470524;TRUE;"research";"inat";133230378;2900319;"cc-by-nc"
"19";"https://deims.org/97ff6180-e5d1-45f2-a559-8a7872eb26b1";"46.75922,10.5360883333";"2022-09-01T14:17:05+02:00";"occurrence";482;TRUE;"research";"inat";133230312;2900319;"cc-by-nc"
"20";"https://deims.org/97ff6180-e5d1-45f2-a559-8a7872eb26b1";"46.7343366667,10.657105";"2022-08-29T11:23:52+02:00";"occurrence";362307;TRUE;"research";"inat";133230229;2900319;"cc-by-nc"
