"";"FIELD_NAME";"CODE";"NAME";"CODE_URL"
"1";"TAXA";4208;"Podiceps cristatus";"https://www.inaturalist.org/observations/134785888"
"2";"TAXA";4237;"Tachybaptus ruficollis";"https://www.inaturalist.org/observations/134785825"
"3";"TAXA";7046;"Aythya fuligula";"https://www.inaturalist.org/observations/134785703"
"4";"TAXA";4237;"Tachybaptus ruficollis";"https://www.inaturalist.org/observations/134785566"
"5";"TAXA";7046;"Aythya fuligula";"https://www.inaturalist.org/observations/134785478"
"6";"TAXA";4237;"Tachybaptus ruficollis";"https://www.inaturalist.org/observations/134785405"
"7";"TAXA";7046;"Aythya fuligula";"https://www.inaturalist.org/observations/134785336"
"8";"TAXA";4237;"Tachybaptus ruficollis";"https://www.inaturalist.org/observations/134785246"
"9";"TAXA";482;"Fulica atra";"https://www.inaturalist.org/observations/134630003"
"10";"TAXA";334551;"Elasmucha grisea";"https://www.inaturalist.org/observations/134621062"
"11";"TAXA";102800;"Hipparchia semele";"https://www.inaturalist.org/observations/134620625"
"12";"TAXA";538903;"Bombus";"https://www.inaturalist.org/observations/134620128"
"13";"TAXA";464211;"Calliptamus italicus";"https://www.inaturalist.org/observations/134619488"
"14";"TAXA";491355;"Rosa corymbifera";"https://www.inaturalist.org/observations/133739328"
"15";"TAXA";47124;"Magnoliopsida";"https://www.inaturalist.org/observations/133738926"
"16";"TAXA";120157;"Musca";"https://www.inaturalist.org/observations/133738596"
"17";"TAXA";98294;"Colias phicomone";"https://www.inaturalist.org/observations/133435895"
"18";"TAXA";470524;"Psophus stridulus";"https://www.inaturalist.org/observations/133230378"
"19";"TAXA";482;"Fulica atra";"https://www.inaturalist.org/observations/133230312"
"20";"TAXA";362307;"Stenobothrus lineatus";"https://www.inaturalist.org/observations/133230229"
